{"cameraMode":{"drawMode":0,"name":"Shaded","section":"Shading Mode"},"sceneLighting":true,"audioPlay":false,"sceneViewState":{"showFog":true,"showMaterialUpdate":false,"showSkybox":false,"showFlares":true,"showImageEffects":true,"showParticleSystems":true},"in2DMode":false,"pivot":{"x":372.6164245605469,"y":755.0316772460938,"z":-245.0325164794922},"rotation":{"x":0.18914714455604554,"y":-0.012862966395914555,"z":0.00246972288005054,"w":0.981861412525177},"size":377.89886474609377,"orthographic":false}